{
    "name": "INSPINIA",
    "version": "1.8.0",
    "authors": [
        "Damian Dudziak - WebAppLayers"
    ],
    "description": "INSPINIA - Responsive Admin Theme",
    "main": "app/index.html",
    "private": true,
    "ignore": [
        "**/.*",
        "node_modules",
        "bower_components"
    ],
    "appPath": "app",
    "dependencies": {
        "jquery": "~2.1.1",
        "angular": "1.3.7",
        "angular-ui-router": "~0.2.13",
        "bootstrap": "~3.3.0",
        "angular-bootstrap": "~0.12.0",
        "metisMenu": "~1.1.3",
        "fontawesome": "~4.3.0",
        "PACE": "https://github.com/HubSpot/pace.git#~0.5.7",
        "slimScroll": "https://github.com/rochal/jQuery-slimScroll.git#~1.3.3"
        "angular-bootstrap-checkbox": "~0.3.1",
        "angular-chosen-localytics": "~1.0.6",
        "datatables": "~1.10.2",
        "angular-datatables": "~0.1.1",
        "dropzone": "~3.10.2",
        "angular-flot": "~0.0.5",
        "flot.curvedlines": "*",
        "flot.tooltip.pib": "~0.6.7",
        "fullcalendar": "~2.1.1",
        "ionrangeslider": "~1.9.3",
        "jasny-bootstrap": "~3.1.3",
        "jquery-ui": "~1.11.1",
        "jvectormap": "~1.2.2",
        "angular-knob": "*",
        "nouislider": "~7.0.7",
        "angular-nouislider": "~0.3.1",
        "rickshaw": "~1.5.0",
        "angular-rickshaw": "~0.3.0",
        "summernote": "~0.5.8",
        "angular-summernote": "~0.2.3",
        "switchery": "~0.4.2",
        "ng-switchery": "~1.0.0-alpha6",
        "animate.css": "~3.2.0",
        "jquery-steps": "~1.1.0",
        "iCheck": "~1.0.2",
        "angular-notify": "~2.0.2",
        "angular-ui-grid": "~3.0.0-rc.16",
        "angular-ui-tree": "~2.1.5",
        "angular-ui-map": "~0.5.0",
        "moment": "~2.8.4",
        "ngImgCrop": "~0.3.2"
        "angular-ui-codemirror": "~0.2.1",
        "angles": "https://github.com/lgsilver/angles.git",
        "angular-bootstrap-colorpicker": "https://github.com/buberdds/angular-bootstrap-colorpicker.git#~3.0.10",
        "peity": "https://github.com/benpickles/peity.git#~3.0.2",
        "Chart.js": "https://github.com/nnnick/Chart.js.git#~0.2.0",
        "angular-peity": "https://github.com/projectweekend/angular-peity.git",
        "jquery.knob.min": "https://github.com/aterrien/jQuery-Knob.git#~1.2.8",
        "jquery.sparkline": "http://omnipotent.net/jquery.sparkline/2.1.2/jquery.sparkline.js",
        "jquery-jvectormap-1.2.2.min": "http://jvectormap.com/js/jquery-jvectormap-1.2.2.min.js",
        "angular-datepicker": "https://github.com/g00fy-/angular-datepicker.git#~1.0.3",
        "angular-ui-calendar": "https://github.com/angular-ui/ui-calendar.git#~0.8.1",
        "bootstrap-datepicker": "https://github.com/eternicode/bootstrap-datepicker/blob/master/js/bootstrap-datepicker.js",
        "chosen_v1.1.0": "https://github.com/harvesthq/chosen/releases/download/v1.1.0/chosen_v1.1.0.zip",
        "jquery.flot.spline": "https://raw.githubusercontent.com/AMKohn/flot/master/jquery.flot.spline.js",
        "jquery-jvectormap-world-mill-en": "http://jvectormap.com/js/jquery-jvectormap-world-mill-en.js",
        "angular-translate": "~2.5.2",
        "blueimp-gallery": "~2.15.2"
    }
}
